Taxon,Subtaxon,Family,Scientific Name,Common Name,ESA,MESA,IUCN,RSGCN,G-Rank,S-Rank,USFWS,SGCN,BHHA,Priority at-risk Species,Thresholds,CCVA,Threats,Description of Threats,Pop. Trend,Other,CCVA Source,Total # of Conservation Sources,Total # of Climate Sources
Fish,,Anguillidae,Anguilla rostrata,American eel,NA,NA,EN,VH,G4,S3,50,N,Y,N,N,H,BIO;NAT;INV;POL;CC,"Fishing & harvesting aquatic resources, dams & water management/use, invasive non-native/alien species/diseases, domestic & urban waste water, industrial & military effluents, and habitat shifting & alteration",Decreasing,NA,Hare et al. 2016 NEVA,5,2
Bird,Shorebird,Charadriidae,Charadrius melodus,Piping plover,T,T,NT,VH,G3,S2,NA,Y,Y,N,Y,H,DEV;DIS;INV;CC,"Commercial & industrial areas, recreational activities, work & other activities, invasive non-native/alien species/diseases, problematic native species/diseases, droughts, and storms & flooding",Increasing,Highest priority Waterbird Plan,Mass Audubon 2019,6,3
Fish,,Zoarcidae,Zoarces americanus,Ocean pout,NA,NA,NA,NA,G5,NA,NA,N,N,N,N,H,NA,NA,NA,NA,Hare et al. 2016 NEVA,1,1
Invertebrate,,Pectinidae,Placopecten magellanicus,Atlantic sea scallop,NA,NA,NA,NA,NA,NA,NA,N,Y,NA,N,H,NA,NA,NA,NA,Hare et al. 2016 NEVA,0,1
Invertebrate,,Mactridae,Spisula solidissima,Atlantic surf clam,NA,NA,NA,NA,G5,NA,NA,N,Y,NA,N,H,NA,NA,NA,NA,Hare et al. 2016 NEVA,1,1
Invertebrate,,Strongylocentrotidae,Strongylocentrotus droebachiensis,Green sea urchin,NA,NA,NA,NA,G5,NA,NA,N,Y,NA,N,H,NA,NA,NA,NA,Hare et al. 2016 NEVA,1,1
Fish,,Clupeidae,Clupea harengus,Atlantic Herring,NA,NA,LC,NA,NA,NA,NA,N,N,N,N,L,BIO,Fishing & harvesting aquatic resources,Increasing,NA,Hare et al. 2016 NEVA,1,2
Fish,,Rajidae,Leucoraja erinacea,Little Skate,NA,NA,LC,NA,G5,NA,NA,N,N,N,N,L,BIO,Fishing & harvesting aquatic resources,Increasing,NA,Hare et al. 2016 NEVA,2,2
Fish,,Merlucciidae,Merluccius bilinearis,Silver Hake,NA,NA,NT,NA,G5,NA,NA,N,N,N,N,L,BIO,Fishing & harvesting aquatic resources,Unknown,NA,Hare et al. 2016 NEVA,2,2
Bird,Tern,Laridae,Sterna hirundo,Common tern,NA,SC,LC,VH,G5,S3,NA,Y,Y,N,N,L,BIO;DIS,Hunting & trapping terrestrial animals and recreational activities,Unknown,Highest priority Waterbird Plan Only a few breeding colonies,Mass Audubon 2019,5,2
Bird,Gull,Laridae,Larus argentatus,European herring gull,NA,NA,LC,NA,G5,S3,NA,Y,Y,N,N,L,EN;BIO;INV;CC,"Renewable energy, hunting & trapping terrestrial animals, fishing & harvesting aquatic resources, problematic native species/diseases, and habitat shifting & alteration",Decreasing,Only a few breeding colonies,Mass Audubon 2019,3,2
Bird,Shorebird,Accipitridae,Haliaeetus leucocephalus,Bald eagle,NA,SC,LC,NA,G5,S2,NA,Y,N,N,N,L,NA,NA,Increasing,NA,Mass Audubon 2019,4,1
Bird,Gull,Laridae,Larus delawarensis,Ring-billed gull,NA,NA,LC,NA,G5,S1,NA,N,N,N,N,L,NA,NA,Increasing,NA,Mass Audubon 2019,3,1
Fish,,Pleuronectidae,Hippoglossoides platessoides,American Plaice,NA,NA,NA,NA,NA,NA,NA,N,N,N,N,L,NA,NA,NA,NA,Hare et al. 2016 NEVA,0,1
Fish,,Pleuronectidae,Limanda ferruginea,Yellowtail Flounder,NA,NA,VU,NA,G5,NA,NA,N,N,N,N,L,NA,NA,Unspecified,NA,Hare et al. 2016 NEVA,2,1
Fish,,Scophthalmidae,Scophthalmus aquosus,Windowpane,NA,NA,NA,NA,G5,NA,NA,N,N,N,N,L,NA,NA,NA,NA,Hare et al. 2016 NEVA,1,1
Bird,Seaduck,Anatidae,Somateria mollissima,Common eider,NA,NA,NT,H,G5,S2,NA,Y,N,N,N,M,AG;EN;BIO;DIS;INV;POL;CC,"Marine & freshwater aquaculture, mining & quarrying, hunting & trapping terrestrial animals, fishing & harvesting aquatic resources, recreational activities, work & other activities, invasive non-native/alien species/diseases, problematic native species/diseases, viral/prion-induced diseases, industrial & military effluents, garbage & solid waste, and habitat shifting & alteration",Unknown,NA,Mass Audubon 2019,4,2
Bird,Gull,Laridae,Larus marinus,Great black-backed gull,NA,NA,LC,NA,G5,S3,NA,Y,N,N,N,M,BIO,Fishing & harvesting aquatic resources,Unknown,Only a few breeding colonies,Mass Audubon 2019,3,2
Invertebrate,,Nephropidae,Homarus americanus,American lobster,NA,NA,LC,NA,G5,NA,NA,N,Y,NA,N,M,BIO,Fishing & harvesting aquatic resources,Stable,NA,Hare et al. 2016 NEVA,2,2
Bird,Shorebird,Scolopacidae,Actitis macularius,Spotted sandpiper,NA,NA,LC,NA,G5,S4,NA,N,,N,N,M,NA,NA,Decreasing,NA,Mass Audubon 2019,3,1
Fish,,Ammodytidae,Ammodytes americanus,American sand lance,NA,NA,NA,NA,G5,NA,NA,N,N,N,N,M,NA,NA,NA,NA,Hare et al. 2016 NEVA,1,1
Fish,,Gadidae,Gadus morhua,Atlantic Cod,NA,NA,VU,NA,G5,NA,NA,N,N,N,N,M,NA,NA,Unspecified,NA,Hare et al. 2016 NEVA,2,1
Fish,,Gadidae,Pollachius virens,Pollock,NA,NA,NA,NA,G5,NA,NA,N,N,N,N,M,NA,NA,NA,NA,Hare et al. 2016 NEVA,1,1
Invertebrate,,Cancridae,Cancer borealis,Jonah Crab,NA,NA,NA,NA,G5,NA,NA,N,Y,NA,N,M,NA,NA,NA,NA,Hare et al. 2016 NEVA,1,1
Invertebrate,,Cancridae,Cancer irroratus,Rock Crab,NA,NA,NA,NA,G5,NA,NA,N,Y,NA,N,M,NA,NA,NA,NA,Hare et al. 2016 NEVA,1,1
Bird,Seaduck,Anatidae,Bucephala clangula,Common goldeneye,NA,NA,LC,NA,G5,S5,NA,N,N,N,N,NA,AG;BIO;INV;POL,"Wood & pulp plantations, hunting & trapping terrestrial animals, invasive non-native/alien species/diseases, and industrial & military effluents",Stable,NA,NA,3,1
Bird,Shorebird,Podicipedidae,Podiceps grisegena,Red-necked grebe,NA,NA,LC,NA,G5,S4,NA,N,N,N,N,NA,AG;EN;BIO;INV;POL;CC,"Wood & pulp plantations, marine & freshwater aquaculture, renewable energy, fishing & harvesting aquatic resources, invasive non-native/alien species/diseases,  industrial & military effluents, agricultural & forestry effluents, and habitat shifting & alteration",Decreasing,NA,NA,3,1
Bird,Shorebird,Alaudidae,Eremophila alpestris,Horned lark,NA,NA,LC,H,G5,S3,NA,Y,N,N,N,NA,AG;INV;POL,"Annual & perennial non-timber crops, livestock farming & ranching, invasive non-native/alien species/diseases, and agricultural & forestry effluents",Decreasing,NA,NA,4,1
Bird,Tern,Laridae,Chlidonias niger,Black tern,NA,NA,LC,VH,G4,S2,NA,N,N,N,N,NA,AG;NAT;INV;CC,"Annual & perennial non-timber crops, dams & water management/use, invasive non-native/alien species/diseases, and droughts",Decreasing,NA,NA,4,1
Bird,Seabird,Procellariidae,Ardenna gravis,Greater shearwater,NA,NA,LC,NA,G5,S5,NA,N,N,N,N,NA,BIO,Fishing & harvesting aquatic resources,Stable,NA,NA,3,1
Bird,Shorebird,Gaviidae,Gavia immer,Common loon,NA,SC,LC,VH,G5,S2,NA,Y,N,N,N,NA,BIO,Fishing & harvesting aquatic resources,Stable,Highest priority Waterbird Plan,NA,5,1
Bird,Gull,Laridae,Larus glaucoides,Iceland gull,NA,NA,LC,NA,G5,S2,NA,N,N,N,N,NA,BIO,Hunting & trapping terrestrial animals,Stable,NA,NA,3,1
Bird,Shorebird,Anatidae,Mergus serrator,Red-breasted merganser,NA,NA,LC,NA,G5,S1,NA,N,N,N,N,NA,BIO,Hunting & trapping terrestrial animals,Stable,NA,NA,3,1
Bird,Shorebird,Phalacrocoracidae,Phalacrocorax carbo,Great cormorant,NA,NA,LC,NA,G5,S1,NA,N,N,N,N,NA,BIO,Fishing & harvesting aquatic resources,Increasing,NA,NA,3,1
Bird,Tern,Laridae,Sterna dougallii,Roseate tern,E,E,LC,VH,G4,S2,NA,Y,N,N,N,NA,BIO,Hunting & trapping terrestrial animals and fishing & harvesting aquatic resources,Unknown,Highest priority Waterbird Plan,NA,6,1
Fish,,Molidae,Mola mola,Ocean Sunfish,NA,NA,VU,NA,G5,NA,NA,N,N,N,N,NA,BIO,Fishing & harvesting aquatic resources,Decreasing,NA,NA,2,1
Mammal,Whale,Balaenopteridae,Balaenoptera acutorostrata,Minke whale,NA,NA,LC,NA,G5,S3,NA,N,N,NA,N,NA,BIO,Fishing & harvesting aquatic resources,Unknown,NA,NA,3,1
Mammal,Porpoise,Phocoenidae,Phocoena phocoena,Harbor Porpoise,NA,NA,VU,NA,G4,S4,NA,N,N,NA,N,NA,BIO;DEV;POL,"Fishing & harvesting aquatic resources, commercial & industrial areas, domestic & urban waste water, industrial & military effluents, agricultural & forestry effluents, and excess energy",Unknown,NA,NA,3,1
Mammal,Seal,Phocidae,Phoca vitulina,Harbor Seal,NA,NA,LC,NA,G5,S4,NA,N,Y,NA,N,NA,BIO;DEV;POL;DIS;NAT;CC,"Fishing & harvesting aquatic resources, commercial & industrial areas, domestic & urban waste water, industrial & military effluents, agricultural & forestry effluents, work & other activities, dams & water management/use, and habitat shifting & alteration",Unknown,NA,NA,3,1
Bird,Tern,Laridae,Hydroprogne caspia,Caspian tern,NA,NA,LC,NA,G5,S2,NA,N,N,N,N,NA,BIO;DIS,Hunting & trapping terrestrial animals and recreational activities,Increasing,NA,NA,3,1
Mammal,Dolphin,Delphinidae,Grampus griseus,Risso's Dolphin,NA,NA,LC,NA,G5,S3,NA,N,N,NA,N,NA,BIO;DIS;POL;CC,"Fishing & harvesting aquatic resources, recreational activities, war, civil unrest & military exercises, excess energy, and habitat shifting & alteration",Unknown,NA,NA,3,1
Bird,Seabird,Alcidae,Cepphus grylle,Black guillemot,NA,NA,LC,NA,G5,S4,NA,N,N,N,N,NA,BIO;INV;POL,"Fishing & harvesting aquatic resources, invasive non-native/alien species/diseases, industrial & military effluents, and agricultural & forestry effluents",Unknown,NA,NA,3,1
Bird,Seabird,Procellariidae,Puffinus puffinus,Manx shearwater,NA,NA,LC,NA,G5,SX,NA,Y,N,N,N,NA,BIO;INV;POL,"Hunting & trapping terrestrial animals, invasive non-native/alien species/diseases, and excess energy",Unknown,NA,NA,2,1
Mammal,Seal,Phocidae,Pagophilus groenlandicus,Harp Seal,NA,NA,LC,NA,G5,NA,NA,N,N,NA,N,NA,BIO;INV;POL;CC,"Fishing & harvesting aquatic resources, problematic native species/diseases, viral/prion-induced diseases, industrial & military effluents, agricultural & forestry effluents, and habitat shifting & alteration",Increasing,NA,NA,2,1
Mammal,Seal,Phocidae,Halichoerus grypus,Gray Seal,NA,NA,LC,NA,G5,S4,NA,N,N,NA,N,NA,BIO;POL;CC,"Fishing & harvesting aquatic resources, industrial & military effluents, agricultural & forestry effluents, and habitat shifting & alteration",Increasing,NA,NA,3,1
Mammal,Dolphin,Delphinidae,Lagenorhynchus acutus,Atlantic White-Sided Dolphin,NA,NA,LC,NA,G5,S4,NA,N,N,NA,N,NA,BIO;POL;CC,"Fishing & harvesting aquatic resources, garbage & solid waste, habitat shifting & alteration",Unknown,NA,NA,3,1
Bird,Gull,Laridae,Larus fuscus,Lesser black-backed gull,NA,NA,LC,NA,G5,S1,NA,N,N,N,N,NA,BIO;POLL,Hunting & trapping terrestrial animals and agricultural & forestry effluents,Increasing,NA,NA,3,1
Mammal,Whale,Balaenopteridae,Balaenoptera physalus,Fin Whale,E,E,VU,VH,G3,S2,NA,Y,N,NA,N,NA,BIO;TRA,Fishing & harvesting aquatic resources and shipping lanes,Increasing,NA,NA,6,1
Mammal,Whale,Balaenidae,Eubalaena glacialis,North Atlantic Right Whale,E,E,CR,VH,G1,S1,NA,N,N,NA,N,NA,BIO;TRA;POL,"Fishing & harvesting aquatic resources, shipping lanes, and excess energy",Decreasing,NA,NA,4,1
Mammal,Whale,Balaenopteridae,Megaptera novaeangliae,Humpback Whale,NA,E,LC,VH,G4,S2,NA,Y,N,NA,N,NA,BIO;TRA;POL;EN,"Fishing & harvesting aquatic resources, shipping lanes, excess energy, and oil & gas drilling",Increasing,NA,NA,5,1
Bird,Shorebird,Ardeidae,Ardea alba,Great egret,NA,NA,LC,NA,G5,S2,NA,Y,N,N,N,NA,CC,Habitat shifting & alteration,Unknown,NA,NA,3,1
Bird,Seaduck,Anatidae,Branta bernicla,Brant,NA,NA,LC,NA,G5,S4,NA,N,N,N,N,NA,CC,Habitat shifting & alteration,Unknown,NA,NA,3,1
Bird,Shorebird,Scolopacidae,Calidris alba,Sanderling,NA,NA,LC,H,G5,S5,NA,Y,Y,N,N,NA,CC,Habitat shifting & alteration,Unknown,NA,NA,4,1
Bird,Shorebird,Scolopacidae,Calidris fuscicollis,White-rumped sandpiper,NA,NA,LC,NA,G5,S3,NA,N,,N,N,NA,CC,Habitat shifting & alteration,Decreasing,NA,NA,3,1
Bird,Shorebird,Scolopacidae,Calidris maritima,Purple sandpiper,NA,NA,LC,VH,G5,S4,36,Y,,N,N,NA,CC,Habitat shifting & alteration,Decreasing,NA,NA,5,1
Bird,Shorebird,Scolopacidae,Calidris minutilla,Least sandpiper,NA,NA,LC,NA,G5,S5,NA,N,,N,N,NA,CC,Habitat shifting & alteration,Decreasing,NA,NA,3,1
Bird,Shorebird,Charadriidae,Charadrius hiaticula,Common ringed plover,NA,NA,LC,NA,G5,NA,NA,N,N,N,N,NA,CC,Habitat shifting & alteration,Decreasing,NA,NA,2,1
Bird,Shorebird,Charadriidae,Charadrius semipalmatus,Semipalmated plover,NA,NA,LC,NA,G5,S4,NA,N,N,N,N,NA,CC,Habitat shifting & alteration,Stable,NA,NA,3,1
Bird,Gull,Laridae,Chroicocephalus philadelphia,Bonaparte's gull,NA,NA,LC,NA,G5,S4,NA,N,N,N,N,NA,CC,Habitat shifting & alteration,Increasing,NA,NA,3,1
Bird,Shorebird,Scolopacidae,Numenius phaeopus,Eurasian whimbrel,NA,NA,LC,VH,G5,S3,20,Y,,Y,N,NA,CC,Habitat shifting & alteration,Decreasing,Highest priority Shorebird Plan,NA,5,1
Bird,Shorebird,Scolopacidae,Phalaropus lobatus,Red-necked phalarope,NA,NA,LC,NA,G4,S4,NA,Y,,N,N,NA,CC,Habitat shifting & alteration and temperature extremes,Decreasing,NA,NA,3,1
Bird,Shorebird,Threskiornithidae,Plegadis falcinellus,Glossy ibis,NA,NA,LC,NA,G5,S2,NA,Y,N,N,N,NA,CC,Habitat shifting & alteration,Decreasing,Highest priority Waterbird Plan,NA,3,1
Bird,Shorebird,Scolopacidae,Tringa flavipes,Lesser yellowlegs,NA,NA,LC,NA,G5,S4,NA,N,,N,N,NA,CC,Habitat shifting & alteration,Decreasing,NA,NA,3,1
Bird,Shorebird,Scolopacidae,Calidris canutus,Red knot,T,T,NT,VH,G4,S2,NA,Y,,N,N,NA,DEV;AG;BIO;DIS;INV;POL;CC,"Housing & urban areas, commercial & industrial areas, tourism & recreation areas, annual & perennial non-timber crops, marine & freshwater aquaculture, hunting & trapping terrestrial animals, fishing & harvesting aquatic resources, recreational activities, invasive non-native/alien species/diseases, viral/prion-induced diseases, industrial & military effluents, and habitat shifting & alteration",Decreasing,Highest priority Shorebird Plan,NA,6,1
Bird,Shorebird,Podicipedidae,Podiceps auritus,Horned grebe,NA,NA,VU,NA,G5,S5,NA,N,N,N,N,NA,DEV;AG;BIO;DIS;NAT;INV;POL;CC,"Housing & urban areas, annual & perennial non-timber crops, wood & pulp plantations, fishing & harvesting aquatic resources, recreational activities, work & other activities, dams & water management/use, invasive non-native/alien species/diseases, problematic native species/diseases, industrial & military effluents, agricultural & forestry effluents, and habitat shifting & alteration",Decreasing,NA,NA,3,1
Bird,Seaduck,Anatidae,Bucephala islandica,Barrow's goldeneye,NA,NA,LC,NA,G5,S2,NA,N,N,N,N,NA,DEV;AG;BIO;NAT;INV;POL;CC,"Tourism & recreation areas, wood & pulp plantations, hunting & trapping terrestrial animals, fire & fire suppression, invasive non-native/alien species/diseases, problematic native species/diseases, industrial & military effluents, and habitat shifting & alteration",Stable,NA,NA,3,1
Bird,Shorebird,Charadriidae,Pluvialis squatarola,Black-bellied plover,NA,NA,LC,NA,G5,S4,NA,N,N,N,N,NA,DEV;AG;DIS;CC,"Housing & urban areas, commercial & industrial areas, marine & freshwater aquaculture, recreational activities, and habitat shifting & alteration",Decreasing,NA,NA,3,1
Bird,Shorebird,Scolopacidae,Gallinago delicata,Wilson's snipe,NA,NA,LC,H,G5,S1,NA,Y,,N,N,NA,DEV;AG;EN,"Housing & urban areas, commercial & industrial areas, annual & perennial non-timber crops, and mining & quarrying",Increasing,"MA Breeding Bird Atlas says local and likely increasing; also increasing on MA Breeding Bird Survey routes, but habitat is still very limited",NA,4,1
Bird,Seabird,Procellariidae,Calonectris diomedea,Scopoli's shearwater,NA,NA,LC,NA,G5,S3,NA,Y,N,N,N,NA,DEV;BIO;INV;POL,"Housing & urban areas, fishing & harvesting aquatic resources, invasive non-native/alien species/diseases, and excess energy",Decreasing,NA,NA,3,1
Bird,Tern,Laridae,Sternula antillarum,Least tern,NA,SC,LC,VH,G4,S2,NA,Y,N,N,N,NA,DEV;DIS;CC,"Housing & urban areas, recreational activities, and habitat shifting & alteration",Decreasing,Highest priority Waterbird Plan Only a few breeding colonies,NA,5,1
Fish,,Syngnathidae,Syngnathus fuscus,Northern pipefish,NA,NA,LC,NA,G5,S5,NA,N,Y,N,N,NA,DEV;POL,"Housing & urban areas, commercial & industrial areas, tourism & recreation areas, domestic & urban waste water, and agricultural & forestry effluents",Unknown,NA,NA,3,1
Bird,Shorebird,Emberizidae,Ammodramus caudacutus,Saltmarsh sparrow,NA,SC,EN,VH,G2,S3,11,Y,N,Y,Y,NA,DEV;TRA;NAT;INV;POL;CC,"Housing & urban areas, roads & railroads, other ecosystem modifications, invasive non-native/alien species/diseases, problematic native species/diseases, industrial & military effluents, agricultural & forestry effluents, habitat shifting & alteration, and storms & flooding",Decreasing,NA,NA,6,2
Bird,Gull,Laridae,Larus smithsonianus,American herring gull,NA,NA,LC,NA,NA,NA,NA,N,N,N,N,NA,EN;BIO;CC,"Renewable energy, hunting & trapping terrestrial animals, fishing & harvesting aquatic resources, and habitat shifting & alteration",Decreasing,NA,NA,1,1
Bird,Shorebird,Pandionidae,Pandion haliaetus,Osprey,NA,NA,LC,NA,G5,S4,NA,N,Y,N,N,NA,EN;BIO;DIS;POL,"Renewable energy, hunting & trapping terrestrial animals, recreational activities, and agricultural & forestry effluents",Increasing,NA,NA,3,1
Bird,Seabird,Alcidae,Alca torda,Razorbill,NA,NA,NT,NA,G5,S4,NA,N,N,N,N,NA,EN;BIO;INV;POL;CC,"Mining & quarrying, renewable energy, hunting & trapping terrestrial animals, fishing & harvesting aquatic resources, invasive non-native/alien species/diseases, industrial & military effluents, temperature extremes, and storms & flooding",Decreasing,NA,NA,3,1
Bird,Seaduck,Anatidae,Clangula hyemalis,Long-tailed duck,NA,NA,VU,NA,G5,S5,NA,Y,N,N,N,NA,EN;BIO;INV;POL;CC,"Oil & gas drilling, mining & quarrying, renewable energy, hunting & trapping terrestrial animals, fishing & harvesting aquatic resources, invasive non-native/alien species/diseases, viral/prion-induced diseases, industrial & military effluents, and habitat shifting & alteration",Decreasing,NA,NA,3,1
Bird,Seaduck,Anatidae,Melanitta fusca,Velvet scoter,NA,NA,VU,NA,NA,NA,NA,N,N,N,N,NA,EN;BIO;INV;POL;CC,"Oil & gas drilling, mining & quarrying, renewable energy, hunting & trapping terrestrial animals, fishing & harvesting aquatic resources, invasive non-native/alien species/diseases, viral/prion-induced diseases, industrial & military effluents, and habitat shifting & alteration",Decreasing,NA,NA,1,1
Bird,Seabird,Sulidae,Morus bassanus,Northern gannet,NA,NA,LC,NA,G5,S5,NA,Y,N,N,N,NA,EN;BIO;POL,"Renewable energy, fishing & harvesting aquatic resources, and garbage & solid waste",Increasing,NA,NA,3,1
Bird,Seaduck,Anatidae,Aythya marila,Greater scaup,NA,NA,LC,NA,G5,S5,NA,N,N,N,N,NA,EN;BIO;POL;CC,"Oil & gas drilling, renewable energy, hunting & trapping terrestrial animals, fishing & harvesting aquatic resources, industrial & military effluents, and habitat shifting & alteration",Decreasing,NA,NA,3,1
Bird,Shorebird,Scolopacidae,Calidris pusilla,Semipalmated sandpiper,NA,NA,NT,H,G5,S5,NA,Y,,N,N,NA,EN;BIO;POL;CC,"Oil & gas drilling, mining & quarrying, hunting & trapping terrestrial animals, fishing & harvesting aquatic resources, agricultural & forestry effluents, habitat shifting & alteration, and storms & flooding",Decreasing,NA,NA,4,1
Bird,Seaduck,Anatidae,Melanitta perspicillata,Surf scoter,NA,NA,LC,NA,G5,S5,NA,N,N,N,N,NA,EN;BIO;POL;CC,"Oil & gas drilling, hunting & trapping terrestrial animals, fishing & harvesting aquatic resources, industrial & military effluents, and habitat shifting & alteration",Decreasing,NA,NA,3,1
Bird,Seaduck,Anatidae,Somateria spectabilis,King eider,NA,NA,LC,NA,G5,S1,NA,N,N,N,N,NA,EN;BIO;POL;CC,"Oil & gas drilling, hunting & trapping terrestrial animals, fishing & harvesting aquatic resources, industrial & military effluents, garbage & solid waste and habitat shifting & alteration",Decreasing,NA,NA,3,1
Bird,Shorebird,Hirundinidae,Riparia riparia,Sand martin,NA,NA,LC,NA,G5,S5,NA,Y,N,N,N,NA,EN;NAT;POL;CC,"Mining & quarrying, dams & water management/use, agricultural & forestry effluents, and droughts",Decreasing,NA,NA,3,1
Mammal,Dolphin,Delphinidae,Orcinus orca,Killer Whale,E,NA,LC,VH,G4,S1,NA,N,N,NA,N,NA,EN;TRA;BIO;DIS;INV;POL;CC,"Oil & gas drilling, shipping lanes, fishing & harvesting aquatic resources, recreational activities, problematic native species/diseases, industrial & military effluents, agricultural & forestry effluents, and habitat shifting & alteration.",Unknown,NA,NA,5,1
Bird,Shorebird,Gaviidae,Gavia stellata,Red-throated loon,NA,NA,LC,NA,G5,S4,NA,Y,N,N,N,NA,EN;TRA;BIO;POL;CC,"Renewable energy, shipping lanes, fishing & harvesting aquatic resources, industrial & military effluents, and habitat shifting & alteration",Decreasing,Highest priority Waterbird Plan,NA,3,1
Bird,Seabird,Hydrobatidae,Oceanites oceanicus,Wilson's storm-petrel,NA,NA,LC,NA,G5,S5,NA,N,N,N,N,NA,INV,Invasive non-native/alien species/diseases,Stable,NA,NA,3,1
Invertebrate,,Viviparidae,Campeloma decisum,Pointed campeloma,NA,NA,LC,NA,G5,SNR,NA,N,N,NA,N,NA,INV,Problematic native species/diseases,Stable,NA,NA,2,1
Bird,Shorebird,Scolopacidae,Arenaria interpres,Ruddy turnstone,NA,NA,LC,VH,G5,S4,19,Y,,Y,N,NA,INV;CC,"Invasive non-native/alien species/diseases, viral/prion-induced diseases, and habitat shifting & alteration",Decreasing,NA,NA,5,1
Algae,,Ulotrichaceae,Acrosiphonia arcta,Green tarantula weed,NA,NA,NA,NA,NA,NA,NA,N,N,NA,N,NA,NA,NA,NA,NA,NA,0,0
Algae,,Ulotrichaceae,Acrosiphonia spinescens,,NA,NA,NA,NA,NA,NA,NA,N,N,NA,N,NA,NA,NA,NA,NA,NA,0,0
Algae,,Solieriaceae,Agardhiella subulata,,NA,NA,NA,NA,NA,NA,NA,N,N,NA,N,NA,NA,NA,NA,NA,NA,0,0
Algae,,Agaraceae,Agarum clathratum,Kelp,NA,NA,NA,NA,NA,NA,NA,N,N,NA,N,NA,NA,NA,NA,NA,NA,0,0
Algae,,Ahnfeltiaceae,Ahnfeltia plicata,Landlady's wig,NA,NA,NA,NA,NA,NA,NA,N,N,NA,N,NA,NA,NA,NA,NA,NA,0,0
Algae,,Alariaceae,Alaria esculenta,"Dabberlocks, winged kelp",NA,NA,NA,NA,NA,NA,NA,N,Y,NA,N,NA,NA,NA,NA,NA,NA,0,0
Algae,,Fucaceae,Ascophyllum nodosum,Rockweed/Knotted kelp,NA,NA,NA,NA,NA,NA,NA,N,Y,NA,N,NA,NA,NA,NA,NA,NA,0,0
Algae,,Bangiaceae,Bangia atropurpurea,,NA,NA,NA,NA,NA,NA,NA,N,N,NA,N,NA,NA,NA,NA,NA,NA,0,0
Algae,,Sphacelariaceae,Battersia arctica,,NA,NA,NA,NA,NA,NA,NA,N,N,NA,N,NA,NA,NA,NA,NA,NA,0,0
Algae,,Berkeleyaceae,Berkeleya rutilans,,NA,NA,NA,NA,NA,NA,NA,N,N,NA,N,NA,NA,NA,NA,NA,NA,0,0
Algae,,Monostromataceae,Blidingia minima,NA,NA,NA,NA,NA,NA,NA,NA,N,N,NA,N,NA,NA,NA,NA,NA,NA,0,0
Algae,,Kallymeniaceae,Callocolax neglectus,,NA,NA,NA,NA,NA,NA,NA,N,N,NA,N,NA,NA,NA,NA,NA,NA,0,0
Algae,,Ceramiaceae,Ceramium cimbricum,Banded Weed (red alga),NA,NA,NA,NA,NA,NA,NA,N,,NA,N,NA,NA,NA,NA,NA,NA,0,0
Algae,,Ceramiaceae,Ceramium virgatum,Banded Weed (red alga),NA,NA,NA,NA,NA,NA,NA,N,N,NA,N,NA,NA,NA,NA,NA,NA,0,0
Algae,,Cladophoraceae,Chaetomorpha brachygona,Green algae,NA,NA,NA,NA,NA,NA,NA,N,N,NA,N,NA,NA,NA,NA,NA,NA,0,0
Algae,,Cladophoraceae,Chaetomorpha ligustica,Green algae,NA,NA,NA,NA,NA,NA,NA,N,N,NA,N,NA,NA,NA,NA,NA,NA,0,0
Algae,,Cladophoraceae,Chaetomorpha linum,Green algae,NA,NA,NA,NA,NA,NA,NA,N,N,NA,N,NA,NA,NA,NA,NA,NA,0,0
Algae,,Cladophoraceae,Chaetomorpha melagonium,Green algae,NA,NA,NA,NA,NA,NA,NA,N,N,NA,N,NA,NA,NA,NA,NA,NA,0,0
Algae,,Cladophoraceae,Chaetomorpha picquotiana,Green algae,NA,NA,NA,NA,NA,NA,NA,N,N,NA,N,NA,NA,NA,NA,NA,NA,0,0
Algae,,Champiaceae,Champia parvula,,NA,NA,NA,NA,NA,NA,NA,N,N,NA,N,NA,NA,NA,NA,NA,NA,0,0
Algae,,Gigartinaceae,Chondrus crispus,Irish moss,NA,NA,NA,NA,NA,NA,NA,N,Y,NA,N,NA,NA,NA,NA,NA,NA,0,0
Algae,,Chordaceae,Chorda filum,"Dead mans rope, sea lace",NA,NA,NA,NA,NA,NA,NA,N,N,NA,N,NA,NA,NA,NA,NA,NA,0,0
Algae,,Chordariaceae,Chordaria flagelliformis,,NA,NA,NA,NA,NA,NA,NA,N,N,NA,N,NA,NA,NA,NA,NA,NA,0,0
Algae,,Cladophoraceae,Cladophora rupestris,Green algae,NA,NA,NA,NA,NA,NA,NA,N,N,NA,N,NA,NA,NA,NA,NA,NA,0,0
Algae,,Cladophoraceae,Cladophora sericea,,NA,NA,NA,NA,NA,NA,NA,N,N,NA,N,NA,NA,NA,NA,NA,NA,0,0
Algae,,Mesophyllaceae,Clathromorphum circumscriptum,,NA,NA,NA,NA,NA,NA,NA,N,N,NA,N,NA,NA,NA,NA,NA,NA,0,0
Algae,,Corallinaceae,Corallina officinalis,Coral weed,NA,NA,NA,NA,NA,NA,NA,N,Y,NA,N,NA,NA,NA,NA,NA,NA,0,0
Algae,,Cystocloniaceae,Cystoclonium purpureum,Purple claw weed,NA,NA,NA,NA,NA,NA,NA,N,N,NA,N,NA,NA,NA,NA,NA,NA,0,0
Algae,,Desmarestiaceae,Dasya baillouviana,NA,NA,NA,NA,NA,NA,NA,NA,N,N,NA,N,NA,NA,NA,NA,NA,NA,0,0
Algae,,Desmarestiaceae,Desmarestia aculeata,"Color changer, sea sorrel",NA,NA,NA,NA,NA,NA,NA,N,N,NA,N,NA,NA,NA,NA,NA,NA,0,0
Algae,,Desmarestiaceae,Desmarestia viridis,Stringy acid kept,NA,NA,NA,NA,NA,NA,NA,N,N,NA,N,NA,NA,NA,NA,NA,NA,0,0
Algae,,Chordariaceae,Dictyosiphon foeniculaceus,,NA,NA,NA,NA,NA,NA,NA,N,N,NA,N,NA,NA,NA,NA,NA,NA,0,0
Algae,,Ectocarpaceae,Ectocarpus fasciculatus,NA,NA,NA,NA,NA,NA,NA,NA,N,N,NA,N,NA,NA,NA,NA,NA,NA,0,0
Algae,,Ectocarpaceae,Ectocarpus siliculosus,NA,NA,NA,NA,NA,NA,NA,NA,N,N,NA,N,NA,NA,NA,NA,NA,NA,0,0
Algae,,Chordariaceae,Elachista fucicola,Tiny wrack bush,NA,NA,NA,NA,NA,NA,NA,N,N,NA,N,NA,NA,NA,NA,NA,NA,0,0
Algae,,Erythrotrichiaceae,Erythrotrichia carnea,,NA,NA,NA,NA,NA,NA,NA,N,N,NA,N,NA,NA,NA,NA,NA,NA,0,0
Algae,,Kallymeniaceae,Euthora cristata,,NA,NA,NA,NA,NA,NA,NA,N,N,NA,N,NA,NA,NA,NA,NA,NA,0,0
Algae,,Fucaceae,Fucus distichus,,NA,NA,NA,NA,NA,NA,NA,N,N,NA,N,NA,NA,NA,NA,NA,NA,0,0
Algae,,Fucaceae,Fucus distichus edentatus,Sea wrack,NA,NA,NA,NA,NA,NA,NA,N,N,NA,N,NA,NA,NA,NA,NA,NA,0,0
Algae,,Fucaceae,Fucus distichus evanescens,,NA,NA,NA,NA,NA,NA,NA,N,N,NA,N,NA,NA,NA,NA,NA,NA,0,0
Algae,,Fucaceae,Fucus spiralis,Spiral wrack,NA,NA,NA,NA,NA,NA,NA,N,N,NA,N,NA,NA,NA,NA,NA,NA,0,0
Algae,,Fucaceae,Fucus vesiculosus,Rockweed/Bladder wrack,NA,NA,NA,NA,NA,NA,NA,N,Y,NA,N,NA,NA,NA,NA,NA,NA,0,0
Algae,,Fucaceae,Fucus vesiculosus forma mytilii,,NA,NA,NA,NA,NA,NA,NA,N,N,NA,N,NA,NA,NA,NA,NA,NA,0,0
Algae,,Gayraliacae,Gayralia oxysperma,NA - green algae,NA,NA,NA,NA,NA,NA,NA,N,N,NA,N,NA,NA,NA,NA,NA,NA,0,0
Algae,,Gomontiaceae,Gomontia polyrhiza,,NA,NA,NA,NA,NA,NA,NA,N,N,NA,N,NA,NA,NA,NA,NA,NA,0,0
Algae,,Gracilariaceae,Gracilaria tikvahiae,,NA,NA,NA,NA,NA,NA,NA,N,N,NA,N,NA,NA,NA,NA,NA,NA,0,0
Algae,,Delesseriaceae,Grinnellia americana,Grinnell's Pink Lead,NA,NA,NA,NA,NA,NA,NA,N,N,NA,N,NA,NA,NA,NA,NA,NA,0,0
Algae,,Phyllophoraceae,Gymnogongrus crenulatus,,NA,NA,NA,NA,NA,NA,NA,N,N,NA,N,NA,NA,NA,NA,NA,NA,0,0
Algae,,Chordaceae,Halosiphon tomentosus,,NA,NA,NA,NA,NA,NA,NA,N,N,NA,N,NA,NA,NA,NA,NA,NA,0,0
Algae,,Hildenbrandiaceae,Hildenbrandia rubra,Rusty rock,NA,NA,NA,NA,NA,NA,NA,N,N,NA,N,NA,NA,NA,NA,NA,NA,0,0
Algae,,Acinetosporaceae,Hincksia granulosa,,NA,NA,NA,NA,NA,NA,NA,N,N,NA,N,NA,NA,NA,NA,NA,NA,0,0
Algae,,Laminariaceae,Laminaria digitata,,NA,NA,NA,NA,NA,NA,NA,N,N,NA,N,NA,NA,NA,NA,NA,NA,0,0
Algae,,Chordariaceae,Leathesia marina,,NA,NA,NA,NA,NA,NA,NA,N,N,NA,N,NA,NA,NA,NA,NA,NA,0,0
Algae,,Lithothamniaceae,Lithothamnion glaciale,,NA,NA,NA,NA,NA,NA,NA,N,N,NA,N,NA,NA,NA,NA,NA,NA,0,0
Algae,,Oscillatoriaceae,Lyngbya confervoides,,NA,NA,NA,NA,NA,NA,NA,N,N,NA,N,NA,NA,NA,NA,NA,NA,0,0
Algae,,Phyllophoraceae,Mastocarpus stellatus,False Irish Moss,NA,NA,NA,NA,NA,NA,NA,N,N,NA,N,NA,NA,NA,NA,NA,NA,0,0
Algae,,Palmariaceae,Palmaria palmata,Dulse,NA,NA,NA,NA,NA,NA,NA,N,N,NA,N,NA,NA,NA,NA,NA,NA,0,0
Algae,,Scytosiphonaceae ,Petalonia fascia,,NA,NA,NA,NA,NA,NA,NA,N,N,NA,N,NA,NA,NA,NA,NA,NA,0,0
Algae,,Delesseriaceae,Phycodrys rubens,,NA,NA,NA,NA,NA,NA,NA,N,N,NA,N,NA,NA,NA,NA,NA,NA,0,0
Algae,,Phyllophoraceae,Phyllophora pseudoceranoides,,NA,NA,NA,NA,NA,NA,NA,N,N,NA,N,NA,NA,NA,NA,NA,NA,0,0
Algae,,Lithothamniaceae,Phymatolithon lenormandii,,NA,NA,NA,NA,NA,NA,NA,N,N,NA,N,NA,NA,NA,NA,NA,NA,0,0
Algae,,Callithamniaceae,Plumaria plumosa,,NA,NA,NA,NA,NA,NA,NA,N,N,NA,N,NA,NA,NA,NA,NA,NA,0,0
Algae,,Bangiaceae,Porphyra leucostricta,,NA,NA,NA,NA,NA,NA,NA,N,N,NA,N,NA,NA,NA,NA,NA,NA,0,0
Algae,,Bangiaceae,Porphyra purpurea,,NA,NA,NA,NA,NA,NA,NA,N,N,NA,N,NA,NA,NA,NA,NA,NA,0,0
Algae,,Bangiaceae,Porphyra umbilicalis,,NA,NA,NA,NA,NA,NA,NA,N,N,NA,N,NA,NA,NA,NA,NA,NA,0,0
Algae,,Prasiolaceae,Prasiola stipitata,,NA,NA,NA,NA,NA,NA,NA,N,N,NA,N,NA,NA,NA,NA,NA,NA,0,0
Algae,,Kornmanniaceae,Pseudendoclonium submarinum,,NA,NA,NA,NA,NA,NA,NA,N,N,NA,N,NA,NA,NA,NA,NA,NA,0,0
Algae,,Lithodermataceae,Pseudolithoderma extensum,,NA,NA,NA,NA,NA,NA,NA,N,N,NA,N,NA,NA,NA,NA,NA,NA,0,0
Algae,,Chordariaceae,Punctaria latifolia,,NA,NA,NA,NA,NA,NA,NA,N,N,NA,N,NA,NA,NA,NA,NA,NA,0,0
Algae,,Chordariaceae,Punctaria plantaginea,,NA,NA,NA,NA,NA,NA,NA,N,N,NA,N,NA,NA,NA,NA,NA,NA,0,0
Algae,,Acinetosporaceae,Pylaiella littoralis,,NA,NA,NA,NA,NA,NA,NA,N,N,NA,N,NA,NA,NA,NA,NA,NA,0,0
Algae,,Bangiaceae,Pyropia leucosticta,,NA,NA,NA,NA,NA,NA,NA,N,N,NA,N,NA,NA,NA,NA,NA,NA,0,0
Algae,,Ralfsiaceae,Ralfsia verrucosa,Crustose brown algae,NA,NA,NA,NA,NA,NA,NA,N,N,NA,N,NA,NA,NA,NA,NA,NA,0,0
Algae,,Cladophoraceae,Rhizoclonium riparium,,NA,NA,NA,NA,NA,NA,NA,N,N,NA,N,NA,NA,NA,NA,NA,NA,0,0
Algae,,Cladophoraceae,Rhizoclonium tortuosum,,NA,NA,NA,NA,NA,NA,NA,N,N,NA,N,NA,NA,NA,NA,NA,NA,0,0
Algae,,Rhodomelaceae,Rhodomela confervoides,Straggly bush weed,NA,NA,NA,NA,NA,NA,NA,N,N,NA,N,NA,NA,NA,NA,NA,NA,0,0
Algae,,Laminariaceae,Saccharina latissima,Sugar kelp,NA,NA,NA,NA,NA,NA,NA,N,Y,NA,N,NA,NA,NA,NA,NA,NA,0,0
Algae,,Laminariaceae,Saccharina longicruris,,NA,NA,NA,NA,NA,NA,NA,N,N,NA,N,NA,NA,NA,NA,NA,NA,0,0
Algae,,Rivulariaceae ,Scytonematopsis crustacea ,,NA,NA,NA,NA,NA,NA,NA,N,N,NA,N,NA,NA,NA,NA,NA,NA,0,0
Algae,,Scytosiphonaceae,Scytosiphon lomentaria,,NA,NA,NA,NA,NA,NA,NA,N,N,NA,N,NA,NA,NA,NA,NA,NA,0,0
Algae,,Scytosiphonaceae,Stragularia clavata,,NA,NA,NA,NA,NA,NA,NA,N,N,NA,N,NA,NA,NA,NA,NA,NA,0,0
Algae,,Stylonemataceae,Stylonema alsidii,,NA,NA,NA,NA,NA,NA,NA,N,N,NA,N,NA,NA,NA,NA,NA,NA,0,0
Algae,,Ulotrichaceae,Ulothrix flacca,,NA,NA,NA,NA,NA,NA,NA,N,N,NA,N,NA,NA,NA,NA,NA,NA,0,0
Algae,,Ulvaceae,Ulva clathrata,,NA,NA,NA,NA,NA,NA,NA,N,N,NA,N,NA,NA,NA,NA,NA,NA,0,0
Algae,,Ulvaceae,Ulva intestinalis,Gutweed,NA,NA,NA,NA,NA,NA,NA,N,Y,NA,N,NA,NA,NA,NA,NA,NA,0,0
Algae,,Ulvaceae,Ulva lactuca,Sea lettuce,NA,NA,NA,NA,NA,NA,NA,N,Y,NA,N,NA,NA,NA,NA,NA,NA,0,0
Algae,,Ulvaceae,Ulva linza,,NA,NA,NA,NA,NA,NA,NA,N,N,NA,N,NA,NA,NA,NA,NA,NA,0,0
Algae,,Ulvaceae,Ulva prolifera,,NA,NA,NA,NA,NA,NA,NA,N,N,NA,N,NA,NA,NA,NA,NA,NA,0,0
Algae,,Ulvaceae,Ulvaria obscura,,NA,NA,NA,NA,NA,NA,NA,N,N,NA,N,NA,NA,NA,NA,NA,NA,0,0
Algae,,Ulotrichaceae,Urospora penicilliformis,,NA,NA,NA,NA,NA,NA,NA,N,N,NA,N,NA,NA,NA,NA,NA,NA,0,0
Algae,,Rhodomelaceae,Vertebrata lanosa,,NA,NA,NA,NA,NA,NA,NA,N,N,NA,N,NA,NA,NA,NA,NA,NA,0,0
Bird,Seaduck,Anatidae,Anas crecca,Eurasian teal,NA,NA,LC,NA,G5,S2,NA,N,N,N,N,NA,NA,NA,Unknown,NA,NA,3,0
Bird,Shorebird,Ardeidae,Ardea herodias,Great blue heron,NA,NA,LC,NA,G5,S4,NA,N,Y,N,N,NA,NA,NA,Increasing,NA,NA,3,0
Bird,Seaduck,Anatidae,Bucephala albeola,Bufflehead,NA,NA,LC,NA,G5,S5,NA,N,N,N,N,NA,NA,NA,Increasing,NA,NA,3,0
Bird,Shorebird,Charadriidae,Charadrius vociferus,Killdeer,NA,NA,LC,NA,G5,S5,NA,N,N,N,N,NA,NA,NA,Decreasing,NA,NA,3,0
Bird,Shorebird,Ardeidae,Egretta thula,Snowy egret,NA,NA,LC,VH,G5,S2,NA,Y,N,N,N,NA,NA,NA,Increasing,Highest priority Waterbird Plan Only a few breeding colonies,NA,4,0
Bird,Shorebird,Haematopodidae,Haematopus palliatus,American oystercatcher,NA,NA,LC,VH,G5,S2,28,Y,N,Y,N,NA,NA,NA,Stable,Highest priority Waterbird Plan,NA,5,0
Bird,Gull,Laridae,Larus hyperboreus,Glaucous gull,NA,NA,LC,NA,G5,S1,NA,N,N,N,N,NA,NA,NA,Stable,NA,NA,3,0
Bird,Gull,Laridae,Leucophaeus atricilla,Laughing gull,NA,NA,LC,NA,G5,S2,NA,N,N,N,N,NA,NA,NA,Increasing,NA,NA,3,0
Bird,Shorebird,Scolopacidae,Limnodromus griseus,Short-billed dowitcher,NA,NA,LC,NA,G5,S4,NA,N,,N,N,NA,NA,NA,Decreasing,NA,NA,3,0
Bird,Shorebird,Scolopacidae,Limosa fedoa,Marbled godwit,NA,NA,LC,NA,G5,S1,NA,N,,N,N,NA,NA,NA,Decreasing,NA,NA,3,0
Bird,Shorebird,Ardeidae,Nyctanassa violacea,Yellow-crowned night-heron,NA,NA,LC,VH,G5,S1,NA,N,N,N,N,NA,NA,NA,Stable,NA,NA,4,0
Bird,Shorebird,Ardeidae,Nycticorax nycticorax,Black-crowned night heron,NA,NA,LC,VH,G5,S2,NA,Y,N,N,N,NA,NA,NA,Decreasing,"Highest priority Waterbird Plan, Only a few breeding colonies",NA,4,0
Bird,Shorebird,Podicipedidae,Podilymbus podiceps,Pied-billed grebe,NA,E,LC,VH,G5,S1,NA,Y,N,N,N,NA,NA,NA,Stable,Highest priority Waterbird Plan,NA,5,0
Bird,Tern,Laridae,Sterna forsteri,Forster's tern,NA,NA,LC,NA,G5,S1,NA,N,N,N,N,NA,NA,NA,Increasing,NA,NA,3,0
Bird,Shorebird,Scolopacidae,Tringa melanoleuca,Greater yellowlegs,NA,NA,LC,NA,G5,S4,NA,N,,N,N,NA,NA,NA,Stable,NA,NA,3,0
Bird,Shorebird,Scolopacidae,Tringa semipalmata,Willet,NA,NA,LC,VH,G5,S3,NA,Y,,N,N,NA,NA,NA,Stable,MA Breeding Bird Atlas deems it local and strongly increasing,NA,4,0
Bird,Shorebird,Scolopacidae,Tringa solitaria,Solitary sandpiper,NA,NA,LC,NA,G5,S4,NA,N,,N,N,NA,NA,NA,Decreasing,NA,NA,3,0
Fish,,Cyclopteridae,Cyclopterus lumpus,Lumpfish,NA,NA,NA,NA,G5,NA,NA,N,N,N,N,NA,NA,NA,NA,NA,NA,1,0
Fish,,Clupeidae,Dorosoma cepedianum,American Gizzard Shad,NA,NA,LC,NA,G5,S4,NA,N,Y,N,N,NA,NA,Fishing & harvesting aquatic resources and dams & water management/use,Stable,NA,NA,3,0
Fish,,Gadidae,Enchelyopus cimbrius,Fourbeard rockling,NA,NA,LC,NA,G5,NA,NA,N,N,N,N,NA,NA,NA,Unknown,NA,NA,2,0
Fish,,Fundulidae,Fundulus heteroclitus,Mummichog,NA,NA,LC,NA,G5,S5,NA,N,Y,N,N,NA,NA,NA,Stable,NA,NA,3,0
Fish,,Fundulidae,Fundulus majalis,Killifish,NA,NA,LC,NA,G5,NA,NA,N,Y,N,N,NA,NA,NA,Unknown,NA,NA,2,0
Fish,,Paralichthyidae,Hippoglossina oblonga,American fourspot flounder,NA,NA,LC,NA,NA,NA,NA,N,N,N,N,NA,NA,Fishing & harvesting aquatic resources,Unknown,NA,NA,1,0
Fish,,Liparidae,Liparis atlanticus,Atlantic seasnail,NA,NA,NA,NA,G5,NA,NA,N,N,N,N,NA,NA,NA,NA,NA,NA,1,0
Fish,,Stichaeidae,Lumpenus lampretaeformis,Snakeblenny,NA,NA,NA,NA,G5,NA,NA,N,N,N,N,NA,NA,NA,NA,NA,NA,1,0
Fish,,Atherinopsidae,Menidia menidia,Silverside,NA,NA,LC,NA,G5,S5,NA,N,Y,N,N,NA,NA,NA,Stable,NA,NA,3,0
Fish,,Gadidae,Microgadus tomcod,Atlantic Tomcod,NA,NA,LC,NA,G5,S4,NA,N,Y,N,N,NA,NA,NA,Stable,NA,NA,3,0
Fish,,Moronidae,Morone americana,White Perch,NA,NA,LC,NA,G5,S5,NA,N,Y,N,N,NA,NA,NA,Stable,NA,NA,3,0
Fish,,Cottidae,Myoxocephalus aenaeus,Grubby,NA,NA,NA,NA,G5,NA,NA,N,Y,N,N,NA,NA,NA,NA,NA,NA,1,0
Fish,,Cottidae,Myoxocephalus octodecemspinosus,Longhorn sculpin,NA,NA,NA,NA,G5,NA,NA,N,N,N,N,NA,NA,NA,NA,NA,NA,1,0
Fish,,Cottidae,Myoxocephalus scorpius,Shorthorn scuplin,NA,NA,NA,NA,G5,NA,NA,N,N,N,N,NA,NA,NA,NA,NA,NA,1,0
Fish,,Petromyzontidae,Petromyzon marinus,Sea Lamprey,NA,NA,LC,NA,G5,S4,NA,Y,N,N,N,NA,NA,NA,Stable,NA,NA,3,0
Fish,,Pholidae,Pholis gunnellus,Rock gunnel,NA,NA,NA,NA,G5,NA,NA,N,Y,N,N,NA,NA,NA,NA,NA,NA,1,0
Fish,,Salmonidae,Salvelinus fontinalis,Brook Trout,NA,NA,NA,VH,G5,S4,NA,Y,Y,N,N,NA,NA,NA,NA,NA,NA,3,0
Fish,,Labridae,Tautogolabrus adspersus,Cunner,NA,NA,NA,NA,G5,NA,NA,N,Y,N,N,NA,NA,NA,NA,NA,NA,1,0
Fish,,Stichaeidae,Ulvaria subbifurcata,Radiated shanny,NA,NA,NA,NA,G5,NA,NA,N,N,N,N,NA,NA,NA,NA,NA,NA,1,0
Fish,,Zoarcidae,Zoarces viviparus,Eelpout,NA,NA,NA,NA,NA,NA,NA,N,N,N,N,NA,NA,NA,NA,NA,NA,0,0
Invertebrate,,Onchidorididae,Acanthodoris pilosa,Hairy spiny doris,NA,NA,NA,NA,NA,NA,NA,N,N,NA,N,NA,NA,NA,NA,NA,NA,0,0
Invertebrate,,Aeolidiidae,Aeolidia papillosa,Nudibranch,NA,NA,NA,NA,NA,NA,NA,N,Y,NA,N,NA,NA,NA,NA,NA,NA,0,0
Invertebrate,,Naididae,Aktedrilus monospermathecus,NA,NA,NA,NA,NA,NA,NA,NA,N,N,NA,N,NA,NA,NA,NA,NA,NA,0,0
Invertebrate,,Alcyonidiidae,Alcyonidium polyoum,NA,NA,NA,NA,NA,NA,NA,NA,N,N,NA,N,NA,NA,NA,NA,NA,NA,0,0
Invertebrate,,Nereididae,Alitta succinea,Clamworm,NA,NA,NA,NA,NA,NA,NA,N,Y,NA,N,NA,NA,NA,NA,NA,NA,0,0
Invertebrate,,Nereididae,Alitta virens,Sandworm/Clamworm,NA,NA,NA,NA,NA,NA,NA,N,N,NA,N,NA,NA,NA,NA,NA,NA,0,0
Invertebrate,,Vesiculariidae,Amathia gracilis,,NA,NA,NA,NA,NA,NA,NA,N,N,NA,N,NA,NA,NA,NA,NA,NA,0,0
Invertebrate,,Tellinidae,Ameritella agilis,,NA,NA,NA,NA,NA,NA,NA,N,N,NA,N,NA,NA,NA,NA,NA,NA,0,0
Invertebrate,,Ampharetidae,Ampharete finmarchica,,NA,NA,NA,NA,NA,NA,NA,N,N,NA,N,NA,NA,NA,NA,NA,NA,0,0
Invertebrate,,Balanidae,Amphibalanus eburneus,Ivory barnacle,NA,NA,NA,NA,NA,NA,NA,N,Y,NA,N,NA,NA,NA,NA,NA,NA,0,0
Invertebrate,,Balanidae,Amphibalanus improvisus,Bay barnacle,NA,NA,NA,NA,NA,NA,NA,N,Y,NA,N,NA,NA,NA,NA,NA,NA,0,0
Invertebrate,,Calloporidae,Amphiblestrum auritum,Encrusting bryozoa,NA,NA,NA,NA,NA,NA,NA,N,N,NA,N,NA,NA,NA,NA,NA,NA,0,0
Invertebrate,,Amphiuridae,Amphipholis squamata,Dwarf (small) brittle star,NA,NA,NA,NA,NA,NA,NA,N,N,NA,N,NA,NA,NA,NA,NA,NA,0,0
Invertebrate,,Amphiporidae,Amphiporus angulatus,,NA,NA,NA,NA,NA,NA,NA,N,N,NA,N,NA,NA,NA,NA,NA,NA,0,0
Invertebrate,,Terebellidae,Amphitrite cirrata,,NA,NA,NA,NA,NA,NA,NA,N,N,NA,N,NA,NA,NA,NA,NA,NA,0,0
Invertebrate,,Anomiidae,Anomia simplex,Common jingle shell,NA,NA,NA,NA,G5,NA,NA,N,N,NA,N,NA,NA,NA,NA,NA,NA,1,0
Invertebrate,,Neanuridae,Anurida maritima,Springtail,NA,NA,NA,NA,NA,NA,NA,N,Y,NA,N,NA,NA,NA,NA,NA,NA,0,0
Invertebrate,,Hyalidae,Apohyale prevostii,Amphipod,NA,NA,NA,NA,NA,NA,NA,N,N,NA,N,NA,NA,NA,NA,NA,NA,0,0
Invertebrate,,Arbaciidae,Arbacia punctulata,Purple sea urchin,NA,NA,NA,NA,NA,NA,NA,N,N,NA,N,NA,NA,NA,NA,NA,NA,0,0
Invertebrate,,Paraonidae,Aricidea catherinae,,NA,NA,NA,NA,NA,NA,NA,N,N,NA,N,NA,NA,NA,NA,NA,NA,0,0
Invertebrate,,Asteriidae,Asterias forbesi,Forbes sea star/Common sea star,NA,NA,NA,NA,NA,NA,NA,N,Y,NA,N,NA,NA,NA,NA,NA,NA,0,0
Invertebrate,,Asteriidae,Asterias rubens,Northern sea star,NA,NA,NA,NA,NA,NA,NA,N,Y,NA,N,NA,NA,NA,NA,NA,NA,0,0
Invertebrate,,Asteriidae,Asterias vulgaris,Northern sea star,NA,NA,NA,NA,NA,NA,NA,N,N,NA,N,NA,NA,NA,NA,NA,NA,0,0
Invertebrate,,Balanidae,Balanus crenatus,Acorn barnacle (spp),NA,NA,NA,NA,NA,NA,NA,N,N,NA,N,NA,NA,NA,NA,NA,NA,0,0
Invertebrate,,Barentsiidae,Barentsia laxa,,NA,NA,NA,NA,NA,NA,NA,N,N,NA,N,NA,NA,NA,NA,NA,NA,0,0
Invertebrate,,Bateidae,Batea catharinensis,NA,NA,NA,NA,NA,NA,NA,NA,N,N,NA,N,NA,NA,NA,NA,NA,NA,0,0
Invertebrate,,Pyramidellidae,Boonea bisuturalis,,NA,NA,NA,NA,NA,NA,NA,N,N,NA,N,NA,NA,NA,NA,NA,NA,0,0
Invertebrate,,Pyramidellidae,Boonea seminuda,,NA,NA,NA,NA,NA,NA,NA,N,N,NA,N,NA,NA,NA,NA,NA,NA,0,0
Invertebrate,,Tonicellidae,Boreochiton ruber,,NA,NA,NA,NA,NA,NA,NA,N,N,NA,N,NA,NA,NA,NA,NA,NA,0,0
Invertebrate,,Buccinidae,Buccinum glaciale,,NA,NA,NA,NA,NA,NA,NA,N,N,NA,N,NA,NA,NA,NA,NA,NA,0,0
Invertebrate,,Capitellidae,Capitella capitata,NA,NA,NA,NA,NA,NA,NA,NA,N,N,NA,N,NA,NA,NA,NA,NA,NA,0,0
Invertebrate,,Caprellidae,Caprella equilibra,Skeleton shrimp,NA,NA,NA,NA,NA,NA,NA,N,N,NA,N,NA,NA,NA,NA,NA,NA,0,0
Invertebrate,,Caprellidae,Caprella penantis,Skeleton shrimp,NA,NA,NA,NA,NA,NA,NA,N,N,NA,N,NA,NA,NA,NA,NA,NA,0,0
Invertebrate,,Hippothoidae,Celleporella hyalina,NA,NA,NA,NA,NA,NA,NA,NA,N,N,NA,N,NA,NA,NA,NA,NA,NA,0,0
Invertebrate,,Cirratulidae,Chaetozone setosa,NA,NA,NA,NA,NA,NA,NA,NA,N,N,NA,N,NA,NA,NA,NA,NA,NA,0,0
Invertebrate,,Chalinidae,Chalinula loosanoffi,,NA,NA,NA,NA,NA,NA,NA,N,N,NA,N,NA,NA,NA,NA,NA,NA,0,0
Invertebrate,,Pectinidae,Chlamys islandica,Iceland scallop,NA,NA,NA,NA,NA,NA,NA,N,Y,NA,N,NA,NA,NA,NA,NA,NA,0,0
Invertebrate,,Cionidae,Ciona intestinalis,Vase tunicate,NA,NA,NA,NA,NA,NA,NA,N,Y,NA,N,NA,NA,NA,NA,NA,NA,0,0
Invertebrate,,Cirratulidae,Cirriformia grandis,,NA,NA,NA,NA,NA,NA,NA,N,N,NA,N,NA,NA,NA,NA,NA,NA,0,0
Invertebrate,,Pectinariidae,Cistenides granulata,Tusk Cone worm,NA,NA,NA,NA,NA,NA,NA,N,N,NA,N,NA,NA,NA,NA,NA,NA,0,0
Invertebrate,,Microcionidae,Clathria prolifera,Red beard sponge,NA,NA,NA,NA,G5,NA,NA,N,Y,NA,N,NA,NA,NA,NA,NA,NA,1,0
Invertebrate,,Hydractiniidae,Clava multicornis,Club hydroid,NA,NA,NA,NA,NA,NA,NA,N,N,NA,N,NA,NA,NA,NA,NA,NA,0,0
Invertebrate,,Naididae,Clitellio arenarius,NA,NA,NA,NA,NA,NA,NA,NA,N,N,NA,N,NA,NA,NA,NA,NA,NA,0,0
Invertebrate,,Maldanidae,Clymenella torquata,Bamboo worm,NA,NA,NA,NA,NA,NA,NA,N,N,NA,N,NA,NA,NA,NA,NA,NA,0,0
Invertebrate,,Corophiidae,Crassicorophium bonellii,,NA,NA,NA,NA,NA,NA,NA,N,N,NA,N,NA,NA,NA,NA,NA,NA,0,0
Invertebrate,,Calyptraeidae,Crepidula convexa,Convex slippersnail,NA,NA,NA,NA,NA,NA,NA,N,N,NA,N,NA,NA,NA,NA,NA,NA,0,0
Invertebrate,,Calyptraeidae,Crepidula fornicata,Slipper shell,NA,NA,NA,NA,NA,NA,NA,N,Y,NA,N,NA,NA,NA,NA,NA,NA,0,0
Invertebrate,,Calyptraeidae,Crepidula plana,Eastern white slippersnail / Flat slipper shell,NA,NA,NA,NA,NA,NA,NA,N,N,NA,N,NA,NA,NA,NA,NA,NA,0,0
Invertebrate,,Crisiidae,Crisia eburnea,,NA,NA,NA,NA,NA,NA,NA,N,N,NA,N,NA,NA,NA,NA,NA,NA,0,0
Invertebrate,,Bugulidae,Crisularia turrita,Fern bryozoan,NA,NA,NA,NA,NA,NA,NA,N,N,NA,N,NA,NA,NA,NA,NA,NA,0,0
Invertebrate,,Cryptosulidae,Cryptosula pallasiana,Colonial encrusting bryozoa,NA,NA,NA,NA,NA,NA,NA,N,N,NA,N,NA,NA,NA,NA,NA,NA,0,0
Invertebrate,,Ampithoidae,Cymadusa compta,NA,NA,NA,NA,NA,NA,NA,NA,N,N,NA,N,NA,NA,NA,NA,NA,NA,0,0
Invertebrate,,Diastylidae,Diastylis polita,,NA,NA,NA,NA,NA,NA,NA,N,N,NA,N,NA,NA,NA,NA,NA,NA,0,0
Invertebrate,,Diastylidae,Diastylis sculpta,,NA,NA,NA,NA,NA,NA,NA,N,N,NA,N,NA,NA,NA,NA,NA,NA,0,0
Invertebrate,,Spionidae,Dipolydora quadrilobata,,NA,NA,NA,NA,NA,NA,NA,N,N,NA,N,NA,NA,NA,NA,NA,NA,0,0
Invertebrate,,Tubulariidae,Ectopleura crocea,Tubularian hydroid,NA,NA,NA,NA,NA,NA,NA,N,Y,NA,N,NA,NA,NA,NA,NA,NA,0,0
Invertebrate,,Tubulariidae,Ectopleura larynx,Ringed tubularia,NA,NA,NA,NA,NA,NA,NA,N,N,NA,N,NA,NA,NA,NA,NA,NA,0,0
Invertebrate,,Idoteidae,Edotia triloba,,NA,NA,NA,NA,NA,NA,NA,N,N,NA,N,NA,NA,NA,NA,NA,NA,0,0
Invertebrate,,Electridae,Einhornia crustulenta,Sea mat,NA,NA,NA,NA,NA,NA,NA,N,N,NA,N,NA,NA,NA,NA,NA,NA,0,0
Invertebrate,,Electridae,Electra pilosa,Hairy sea mat,NA,NA,NA,NA,NA,NA,NA,N,Y,NA,N,NA,NA,NA,NA,NA,NA,0,0
Invertebrate,,Enchytraeidae,Enchytraeus albidus,White worm,NA,NA,NA,NA,NA,NA,NA,N,N,NA,N,NA,NA,NA,NA,NA,NA,0,0
Invertebrate,,Pharidae,Ensis ensis,Sword razor,NA,NA,NA,NA,NA,NA,NA,N,N,NA,N,NA,NA,NA,NA,NA,NA,0,0
Invertebrate,,Pharidae,Ensis leei,Atlantic jackknife clam / razor clam,NA,NA,NA,NA,NA,NA,NA,N,Y,NA,N,NA,NA,NA,NA,NA,NA,0,0
Invertebrate,,Phyllodocidae,Eteone longa,Bristle worm,NA,NA,NA,NA,NA,NA,NA,N,N,NA,N,NA,NA,NA,NA,NA,NA,0,0
Invertebrate,,Thoridae,Eualus pusiolus,Doll eualid shrimp,NA,NA,NA,NA,G5,NA,NA,N,N,NA,N,NA,NA,NA,NA,NA,NA,1,0
Invertebrate,,Eudendriidae,Eudendrium dispar,,NA,NA,NA,NA,NA,NA,NA,N,N,NA,N,NA,NA,NA,NA,NA,NA,0,0
Invertebrate,,Phyllodocidae,Eumida sanguinea,,NA,NA,NA,NA,NA,NA,NA,N,N,NA,N,NA,NA,NA,NA,NA,NA,0,0
Invertebrate,,Euplanidae,Euplana gracilis,Sleder flatworm,NA,NA,NA,NA,NA,NA,NA,N,N,NA,N,NA,NA,NA,NA,NA,NA,0,0
Invertebrate,,Naticidae,Euspira heros,Northern moon snail,NA,NA,NA,NA,NA,NA,NA,N,N,NA,N,NA,NA,NA,NA,NA,NA,0,0
Invertebrate,,Naticidae,Euspira triseriata,spotted moonsnail,NA,NA,NA,NA,NA,NA,NA,N,Y,NA,N,NA,NA,NA,NA,NA,NA,0,0
Invertebrate,,Rissoidae,Frigidoalvania carinata,,NA,NA,NA,NA,NA,NA,NA,N,N,NA,N,NA,NA,NA,NA,NA,NA,0,0
Invertebrate,,Gammaridae,Gammarus mucronatus,Scud,NA,NA,NA,NA,NA,NA,NA,N,,NA,N,NA,NA,NA,NA,NA,NA,0,0
Invertebrate,,Gammaridae,Gammarus oceanicus,Scud/Sideswimmers,NA,NA,NA,NA,NA,NA,NA,N,,NA,N,NA,NA,NA,NA,NA,NA,0,0
Invertebrate,,Nephtheidae,Gersemia rubiformis,Sea strawberry,NA,NA,NA,NA,NA,NA,NA,N,N,NA,N,NA,NA,NA,NA,NA,NA,0,0
Invertebrate,,Mytilidae,Geukensia demissa,Ribbed mussel,NA,NA,NA,NA,NA,NA,NA,N,Y,NA,N,NA,NA,NA,NA,NA,NA,0,0
Invertebrate,,Callianassidae,Gilvossius setimanus,Short-browed mud shrimp,NA,NA,NA,NA,NA,NA,NA,N,N,NA,N,NA,NA,NA,NA,NA,NA,0,0
Invertebrate,,Planorbidae,Gyraulus parvus,ash gryo,NA,NA,LC,NA,G5,S4,NA,N,N,NA,N,NA,NA,NA,Stable,NA,NA,3,0
Invertebrate,,Halichondriidae,Halichondria bowerbanki,,NA,NA,NA,NA,NA,NA,NA,N,N,NA,N,NA,NA,NA,NA,NA,NA,0,0
Invertebrate,,Halichondriidae,Halichondria panicea,Breadcrumb sponge,NA,NA,NA,NA,G5,NA,NA,N,Y,NA,N,NA,NA,NA,NA,NA,NA,1,0
Invertebrate,,Haminoeidae,Haminella solitaria,,NA,NA,NA,NA,NA,NA,NA,N,N,NA,N,NA,NA,NA,NA,NA,NA,0,0
Invertebrate,,Polynoidae,Harmothoe extenuata,,NA,NA,NA,NA,NA,NA,NA,N,N,NA,N,NA,NA,NA,NA,NA,NA,0,0
Invertebrate,,Polynoidae,Harmothoe imbricata,Scale worm,NA,NA,NA,NA,NA,NA,NA,N,N,NA,N,NA,NA,NA,NA,NA,NA,0,0
Invertebrate,,Phoxocephalidae,Harpinia propinqua,,NA,NA,NA,NA,NA,NA,NA,N,N,NA,N,NA,NA,NA,NA,NA,NA,0,0
Invertebrate,,Echinasteridae,Henricia sanguinolenta,Blood star,NA,NA,NA,NA,NA,NA,NA,N,Y,NA,N,NA,NA,NA,NA,NA,NA,0,0
Invertebrate,,Anomiidae,Heteranomia squamula,Prickly jingle scallop,NA,NA,NA,NA,NA,NA,NA,N,N,NA,N,NA,NA,NA,NA,NA,NA,0,0
Invertebrate,,Mysidae,Heteromysis formosa,,NA,NA,NA,NA,NA,NA,NA,N,N,NA,N,NA,NA,NA,NA,NA,NA,0,0
Invertebrate,,Hiatellidea,Hiatella arctica,Wrinkled rock borer,NA,NA,NA,NA,NA,NA,NA,N,N,NA,N,NA,NA,NA,NA,NA,NA,0,0
Invertebrate,,Hydractiniidae,Hydractinia echinata,Snailfur,NA,NA,NA,NA,NA,NA,NA,N,N,NA,N,NA,NA,NA,NA,NA,NA,0,0
Invertebrate,,Idoteidae,Idotea balthica,Baltic isopod,NA,NA,NA,NA,NA,NA,NA,N,N,NA,N,NA,NA,NA,NA,NA,NA,0,0
Invertebrate,,Idoteidae,Idotea phosphorea,NA,NA,NA,NA,NA,NA,NA,NA,N,N,NA,N,NA,NA,NA,NA,NA,NA,0,0
Invertebrate,,Nassariidae,Ilyanassa obsoleta,,NA,NA,NA,NA,NA,NA,NA,N,N,NA,N,NA,NA,NA,NA,NA,NA,0,0
Invertebrate,,Nassariidae,Ilyanassa trivittata,,NA,NA,NA,NA,NA,NA,NA,N,N,NA,N,NA,NA,NA,NA,NA,NA,0,0
Invertebrate,,Isodictyidae,Isodictya palmata,,NA,NA,NA,NA,G5,NA,NA,N,N,NA,N,NA,NA,NA,NA,NA,NA,1,0
Invertebrate,,Janiridae,Jaera albifrons,NA,NA,NA,NA,NA,NA,NA,NA,N,N,NA,N,NA,NA,NA,NA,NA,NA,0,0
Invertebrate,,Ischyroceridae,Jassa marmorata,Tube building amphipod,NA,NA,NA,NA,NA,NA,NA,N,Y,NA,N,NA,NA,NA,NA,NA,NA,0,0
Invertebrate,,Membraniporidae,Jellyella tuberculata,Bryozoan,NA,NA,NA,NA,NA,NA,NA,N,N,NA,N,NA,NA,NA,NA,NA,NA,0,0
Invertebrate,,Littorinidae,Lacuna vincta,Northern lacuna,NA,NA,NA,NA,NA,NA,NA,N,N,NA,N,NA,NA,NA,NA,NA,NA,0,0
Invertebrate,,Orbiniidae,Leitoscoloplos fragilis,Segmented worm,NA,NA,NA,NA,NA,NA,NA,N,N,NA,N,NA,NA,NA,NA,NA,NA,0,0
Invertebrate,,Orbiniidae,Leitoscoloplos robustus,Segmented worm,NA,NA,NA,NA,NA,NA,NA,N,N,NA,N,NA,NA,NA,NA,NA,NA,0,0
Invertebrate,,Polynoidae,Lepidonotus squamatus,Twelve-scaled worm,NA,NA,NA,NA,NA,NA,NA,N,Y,NA,N,NA,NA,NA,NA,NA,NA,0,0
Invertebrate,,Corophiidae,Leptocheirus pinguis,,NA,NA,NA,NA,NA,NA,NA,N,N,NA,N,NA,NA,NA,NA,NA,NA,0,0
Invertebrate,,Leucosoleniidae,Leucosolenia botryoides,,NA,NA,NA,NA,G5,NA,NA,N,N,NA,N,NA,NA,NA,NA,NA,NA,1,0
Invertebrate,,Epialtidae,Libinia emarginata,Spider crab,NA,NA,NA,NA,NA,NA,NA,N,Y,NA,N,NA,NA,NA,NA,NA,NA,0,0
Invertebrate,,Tellinidae,Limecola balthica,Baltic macoma,NA,NA,NA,NA,NA,NA,NA,N,N,NA,N,NA,NA,NA,NA,NA,NA,0,0
Invertebrate,,Lineidae,Lineus ruber,,NA,NA,NA,NA,NA,NA,NA,N,N,NA,N,NA,NA,NA,NA,NA,NA,0,0
Invertebrate,,Littorinidae,Littorina obtusata,Smooth periwinkle,NA,NA,NA,NA,NA,NA,NA,N,Y,NA,N,NA,NA,NA,NA,NA,NA,0,0
Invertebrate,,Littorinidae,Littorina saxatilis,Rough periwinkle,NA,NA,NA,NA,NA,NA,NA,N,Y,NA,N,NA,NA,NA,NA,NA,NA,0,0
Invertebrate,,Amnicolidae,Lyogyrus granum,squat duskysnail,NA,NA,LC,NA,G5,SNR,NA,N,N,NA,N,NA,NA,NA,Stable,NA,NA,2,0
Invertebrate,,Lyonsiidae,Lyonsia hyalina,Glassy lyonsia,NA,NA,NA,NA,G5,NA,NA,N,N,NA,N,NA,NA,NA,NA,NA,NA,1,0
Invertebrate,,Tellinidae,Macoma calcarea,,NA,NA,NA,NA,NA,NA,NA,N,N,NA,N,NA,NA,NA,NA,NA,NA,0,0
Invertebrate,,Tellinidae,Macoma nasuta,Bent nosed clam,NA,NA,NA,NA,NA,NA,NA,N,N,NA,N,NA,NA,NA,NA,NA,NA,0,0
Invertebrate,,Enchytraeidae,Marionina southerni,NA,NA,NA,NA,NA,NA,NA,NA,N,N,NA,N,NA,NA,NA,NA,NA,NA,0,0
Invertebrate,,Capitellidae,Mediomastus californiensis,,NA,NA,NA,NA,NA,NA,NA,N,N,NA,N,NA,NA,NA,NA,NA,NA,0,0
Invertebrate,,Ellobiidae,Melampus bidentatus,Coffee bean snail,NA,NA,NA,NA,G5,NA,NA,N,Y,NA,N,NA,NA,NA,NA,NA,NA,1,0
Invertebrate,,Melitidae,Melita nitida,Gammarid amphipod,NA,NA,NA,NA,NA,NA,NA,N,N,NA,N,NA,NA,NA,NA,NA,NA,0,0
Invertebrate,,Metridinidae,Metridia longa,,NA,NA,NA,NA,NA,NA,NA,N,N,NA,N,NA,NA,NA,NA,NA,NA,0,0
Invertebrate,,Metridinidae,Metridia lucens lucens,,NA,NA,NA,NA,NA,NA,NA,N,N,NA,N,NA,NA,NA,NA,NA,NA,0,0
Invertebrate,,Metridiidae,Metridium senile,Clonal plumose anemone/Frilled anemone,NA,NA,NA,NA,NA,NA,NA,N,Y,NA,N,NA,NA,NA,NA,NA,NA,0,0
Invertebrate,,Mytilidae,Modiolus modiolus,Northern Horse Mussel,NA,NA,NA,NA,NA,NA,NA,N,Y,NA,N,NA,NA,NA,NA,NA,NA,0,0
Invertebrate,,Corophiidae,Monocorophium insidiosum,,NA,NA,NA,NA,NA,NA,NA,N,N,NA,N,NA,NA,NA,NA,NA,NA,0,0
Invertebrate,,Mysidae,Neomysis americana,,NA,NA,NA,NA,NA,NA,NA,N,N,NA,N,NA,NA,NA,NA,NA,NA,0,0
Invertebrate,,Nephtyidae,Nephtys caeca,NA,NA,NA,NA,NA,NA,NA,NA,N,N,NA,N,NA,NA,NA,NA,NA,NA,0,0
Invertebrate,,Nephtyidae,Nephtys ciliata,,NA,NA,NA,NA,NA,NA,NA,N,N,NA,N,NA,NA,NA,NA,NA,NA,0,0
Invertebrate,,Nephtyidae,Nephtys incisa,Cat worm,NA,NA,NA,NA,NA,NA,NA,N,N,NA,N,NA,NA,NA,NA,NA,NA,0,0
Invertebrate,,Nephtyidae,Nephtys pente,,NA,NA,NA,NA,NA,NA,NA,N,N,NA,N,NA,NA,NA,NA,NA,NA,0,0
Invertebrate,,Lumbrineridae,Ninoe nigripes,,NA,NA,NA,NA,NA,NA,NA,N,N,NA,N,NA,NA,NA,NA,NA,NA,0,0
Invertebrate,,Muricidae,Nucella lapillus,Atlantic Dog Whelk,NA,NA,NA,NA,NA,NA,NA,N,Y,NA,N,NA,NA,NA,NA,Declining,NA,0,0
Invertebrate,,Campanulariidae,Obelia dichotoma,Sea plume,NA,NA,NA,NA,NA,NA,NA,N,N,NA,N,NA,NA,NA,NA,NA,NA,0,0
Invertebrate,,Campanulariidae,Obelia geniculata,Knotted thread hydroid,NA,NA,NA,NA,NA,NA,NA,N,N,NA,N,NA,NA,NA,NA,NA,NA,0,0
Invertebrate,,Oithonidae,Oithona similis,,NA,NA,NA,NA,NA,NA,NA,N,N,NA,N,NA,NA,NA,NA,NA,NA,0,0
Invertebrate,,Onchidorididae,Onchidoris bilamellata,Rough-mantled doris,NA,NA,NA,NA,NA,NA,NA,N,N,NA,N,NA,NA,NA,NA,NA,NA,0,0
Invertebrate,,Onchidorididae,Onchidoris muricata,Fuzzy onchidoris,NA,NA,NA,NA,NA,NA,NA,N,N,NA,N,NA,NA,NA,NA,NA,NA,0,0
Invertebrate,,Opheliidae,Ophelina acuminata,,NA,NA,NA,NA,NA,NA,NA,N,N,NA,N,NA,NA,NA,NA,NA,NA,0,0
Invertebrate,,Ophiopholidae,Ophiopholis aculeata,Daisy brittle star,NA,NA,NA,NA,NA,NA,NA,N,N,NA,N,NA,NA,NA,NA,NA,NA,0,0
Invertebrate,,Talitridae,Orchestia grillus,Beach hopper,NA,NA,NA,NA,NA,NA,NA,N,N,NA,N,NA,NA,NA,NA,NA,NA,0,0
Invertebrate,,Tryphosidae,Orchomenella minuta,,NA,NA,NA,NA,NA,NA,NA,N,N,NA,N,NA,NA,NA,NA,NA,NA,0,0
Invertebrate,,Ovalipidae,Ovalipes ocellatus,Lady crab,NA,NA,NA,NA,NA,NA,NA,N,Y,NA,N,NA,NA,NA,NA,NA,NA,0,0
Invertebrate,,Paguridae,Pagurus acadianus,Acadian hermit crab,NA,NA,NA,NA,G5,NA,NA,N,Y,NA,N,NA,NA,NA,NA,NA,NA,1,0
Invertebrate,,Paguridae,Pagurus longicarpus,Long-clawed hermit crab,NA,NA,NA,NA,NA,NA,NA,N,Y,NA,N,NA,NA,NA,NA,NA,NA,0,0
Invertebrate,,Paguridae,Pagurus pollicaris,,NA,NA,NA,NA,NA,NA,NA,N,N,NA,N,NA,NA,NA,NA,NA,NA,0,0
Invertebrate,,Palaemonidae,Palaemon pugio,Daggerblade grass shrimp,NA,NA,NA,NA,NA,NA,NA,N,N,NA,N,NA,NA,NA,NA,NA,NA,0,0
Invertebrate,,Polynoidae,Palio dubia,Nudibranch,NA,NA,NA,NA,NA,NA,NA,N,N,NA,N,NA,NA,NA,NA,NA,NA,0,0
Invertebrate,,Pandalidae,Pandalus montagui,,NA,NA,NA,NA,G5,NA,NA,N,N,NA,N,NA,NA,NA,NA,NA,NA,1,0
Invertebrate,,Phyllodocidae,Paranaitis speciosa,,NA,NA,NA,NA,NA,NA,NA,N,N,NA,N,NA,NA,NA,NA,NA,NA,0,0
Invertebrate,,Syllidae,Parexogone hebes,,NA,NA,NA,NA,NA,NA,NA,N,N,NA,N,NA,NA,NA,NA,NA,NA,0,0
Invertebrate,,Pectinariidae,Pectinaria gouldii,Ice Cream Cone worm,NA,NA,NA,NA,NA,NA,NA,N,N,NA,N,NA,NA,NA,NA,NA,NA,0,0
Invertebrate,,Golfingiidae,Phascolopsis gouldii,Peanut worm,NA,NA,NA,NA,NA,NA,NA,N,N,NA,N,NA,NA,NA,NA,NA,NA,0,0
Invertebrate,,Flabelligeridae,Pherusa affinis,,NA,NA,NA,NA,NA,NA,NA,N,N,NA,N,NA,NA,NA,NA,NA,NA,0,0
Invertebrate,,Photidae,Photis pollex,,NA,NA,NA,NA,NA,NA,NA,N,N,NA,N,NA,NA,NA,NA,NA,NA,0,0
Invertebrate,,Phyllodocidae,Phyllodoce arenae,,NA,NA,NA,NA,NA,NA,NA,N,N,NA,N,NA,NA,NA,NA,NA,NA,0,0
Invertebrate,,Phyllodocidae,Phyllodoce maculata,NA,NA,NA,NA,NA,NA,NA,NA,N,N,NA,N,NA,NA,NA,NA,NA,NA,0,0
Invertebrate,,Talitridea,Platorchestia platensis,Sand flea,NA,NA,NA,NA,NA,NA,NA,N,N,NA,N,NA,NA,NA,NA,NA,NA,0,0
Invertebrate,,Terebellidae,Polycirrus eximius,Bristle worm,NA,NA,NA,NA,NA,NA,NA,N,N,NA,N,NA,NA,NA,NA,NA,NA,0,0
Invertebrate,,Pontogeneiidae,Pontogeneia inermis,,NA,NA,NA,NA,NA,NA,NA,N,N,NA,N,NA,NA,NA,NA,NA,NA,0,0
Invertebrate,,Spionidae,Prionospio steenstrupi,,NA,NA,NA,NA,NA,NA,NA,N,N,NA,N,NA,NA,NA,NA,NA,NA,0,0
Invertebrate,,Hyalidae,Ptilohyale plumulosus,,NA,NA,NA,NA,NA,NA,NA,N,N,NA,N,NA,NA,NA,NA,NA,NA,0,0
Invertebrate,,Unionidae,Pyganodon cataracta,Eastern floater,NA,NA,NA,NA,G5,S5,NA,N,N,NA,N,NA,NA,NA,NA,NA,NA,2,0
Invertebrate,,Rhincalanidae,Rhincalanus cornutus,,NA,NA,NA,NA,NA,NA,NA,N,N,NA,N,NA,NA,NA,NA,NA,NA,0,0
Invertebrate,,Pyramidellidae,Sayella fusca,Brown sayella,NA,NA,NA,NA,NA,NA,NA,N,N,NA,N,NA,NA,NA,NA,NA,NA,0,0
Invertebrate,,Lumbrineridae,Scoletoma verrilli,,NA,NA,NA,NA,NA,NA,NA,N,N,NA,N,NA,NA,NA,NA,NA,NA,0,0
Invertebrate,,Archaeobalanidae,Semibalanus balanoides,Northern rock barnacle,NA,NA,NA,NA,NA,NA,NA,N,Y,NA,N,NA,NA,NA,NA,NA,NA,0,0
Invertebrate,,Solasteridae,Solaster endeca,Purple sunstar,NA,NA,NA,NA,NA,NA,NA,N,N,NA,N,NA,NA,NA,NA,NA,NA,0,0
Invertebrate,,Spionidae,Spio filicornis,Bristleworm,NA,NA,NA,NA,NA,NA,NA,N,N,NA,N,NA,NA,NA,NA,NA,NA,0,0
Invertebrate,,Spionidae,Spio setosa,NA,NA,NA,NA,NA,NA,NA,NA,N,N,NA,N,NA,NA,NA,NA,NA,NA,0,0
Invertebrate,,Spionidae,Spiophanes bombyx,NA,NA,NA,NA,NA,NA,NA,NA,N,N,NA,N,NA,NA,NA,NA,NA,NA,0,0
Invertebrate,,Serpulidae,Spirorbis spirorbis,Sinistral spiral tubeworm/Calcareous tubeworm,NA,NA,NA,NA,NA,NA,NA,N,Y,NA,N,NA,NA,NA,NA,NA,NA,0,0
Invertebrate,,Spionidae,Streblospio benedicti,Bar gilled mud worm,NA,NA,NA,NA,NA,NA,NA,N,N,NA,N,NA,NA,NA,NA,NA,NA,0,0
Invertebrate,,Lottidae,Testudinalia testudinalis,Common Tortoiseshell Limpet,NA,NA,NA,NA,NA,NA,NA,N,Y,NA,N,NA,NA,NA,NA,NA,NA,0,0
Invertebrate,,Cirratulidae,Tharyx acutus,,NA,NA,NA,NA,NA,NA,NA,N,N,NA,N,NA,NA,NA,NA,NA,NA,0,0
Invertebrate,,Tiaropsidae,Tiaropsis multicirrata,,NA,NA,NA,NA,NA,NA,NA,N,N,NA,N,NA,NA,NA,NA,NA,NA,0,0
Invertebrate,,Nassariidae,Tritia obsoleta,Mud snail,NA,NA,NA,NA,NA,NA,NA,N,Y,NA,N,NA,NA,NA,NA,NA,NA,0,0
Invertebrate,,Nassariidae,Tritia trivittata,Threeline mud snail,NA,NA,NA,NA,NA,NA,NA,N,N,NA,N,NA,NA,NA,NA,NA,NA,0,0
Invertebrate,,Naididae,Tubificoides benedii,NA,NA,NA,NA,NA,NA,NA,NA,N,N,NA,N,NA,NA,NA,NA,NA,NA,0,0
Invertebrate,,Tubulariidae,Tubularia crocea,Tubular hydroid,NA,NA,NA,NA,NA,NA,NA,N,N,NA,N,NA,NA,NA,NA,NA,NA,0,0
Invertebrate,,Talitridae,Uhlorchestia uhleri,Beachhopper,NA,NA,NA,NA,NA,NA,NA,N,N,NA,N,NA,NA,NA,NA,NA,NA,0,0
Invertebrate,,Unciolidae,Unciola irrorata,,NA,NA,NA,NA,NA,NA,NA,N,N,NA,N,NA,NA,NA,NA,NA,NA,0,0
Invertebrate,,Xylophagaidae,Xylonora atlantica,,NA,NA,NA,NA,NA,NA,NA,N,N,NA,N,NA,NA,NA,NA,NA,NA,0,0
Bird,Shorebird,Phalacrocoracidae,Phalacrocorax auritus,Double-crested cormorant,NA,NA,LC,NA,NA,NA,NA,Y,Y,N,N,NA,POL,Agricultural & forestry effluents,Increasing,Only a few breeding colonies left,NA,1,1
Bird,Shorebird,Strigidae,Bubo scandiacus,Snowy owl,NA,NA,VU,NA,G4,S2,NA,N,N,N,N,NA,TRA;BIO;CC,"Roads & railroads, utility & service lines, flight paths, hunting & trapping terrestrial animals, fishing & harvesting aquatic resources, and habitat shifting & alteration",Decreasing,NA,NA,3,1
Fish,,Labridae,Tautoga onitis,Tautog,NA,NA,VU,NA,NA,NA,NA,N,Y,N,N,VH,BIO;DIS,Fishing & harvesting aquatic resources and recreational activities,Decreasing,NA,Hare et al. 2016 NEVA,1,2
Invertebrate,,Limulidae,Limulus polyphemus,Atlantic Horseshoe crab,NA,NA,VU,NA,G5,NA,NA,N,Y,NA,N,VH,BIO;NAT;CC,"Fishing & harvesting aquatic resources, ecosystem modifications, habitat shifting & alteration",Decreasing,NA,Hare et al. 2016 NEVA,2,2
Fish,,Clupeidae,Alosa sapidissima,American Shad,NA,NA,LC,VH,G5,S3,NA,Y,Y,N,N,VH,BIO;NAT;POL,"Fishing & harvesting aquatic resources, dams & water management/use, domestic & urban waste water, industrial & military effluents, and agricultural & forestry effluents",Unknown,NA,Hare et al. 2016 NEVA,4,2
Fish,,Moronidae,Morone saxatilis,Striped Bass,NA,NA,LC,NA,G5,S5,NA,N,Y,N,N,VH,BIO;NAT;POL,"Fishing & harvesting aquatic resources, dams & water management/use, domestic & urban waste water, and industrial & military effluents",Unknown,NA,Hare et al. 2016 NEVA,3,2
Invertebrate,,Ostreidae,Crassostrea virginica,Eastern oyster,NA,NA,NA,NA,G3,NA,NA,N,Y,NA,Y,VH,NA,NA,NA,NA,Hare et al. 2016 NEVA,1,2
Invertebrate,,Myidae,Mya arenaria,Softshell clam,NA,NA,NA,NA,NA,NA,NA,N,Y,NA,Y,VH,NA,NA,NA,NA,Hare et al. 2016 NEVA,0,2
Fish,,Osmeridae,Osmerus mordax,Rainbow Smelt,NA,NA,LC,NA,G5,S3,NA,N,Y,N,N,VH,NA,NA,Unknown,NA,Hare et al. 2016 NEVA,3,1
Fish,,Pleuronectidae,Pseudopleuronectes americanus,Winter Flounder,NA,NA,NA,NA,G5,NA,NA,N,Y,N,N,VH,NA,NA,NA,NA,Hare et al. 2016 NEVA,1,1
Invertebrate,,Arcticidae,Arctica islandica,Ocean quahog,NA,NA,NA,NA,NA,NA,NA,N,Y,NA,N,VH,NA,NA,NA,NA,Hare et al. 2016 NEVA,0,1
Invertebrate,,Pectinidae,Argopecten irradians,Bay Scallop,NA,NA,NA,NA,G5,NA,NA,N,N,NA,N,VH,NA,NA,NA,NA,Hare et al. 2016 NEVA,1,1
Invertebrate,,Veneridae,Mercenaria mercenaria,Northern quahog,NA,NA,NA,NA,G5,NA,NA,N,N,NA,N,VH,NA,NA,NA,NA,Hare et al. 2016 NEVA,1,1
Invertebrate,,Mytilidae,Mytilus edulis,Blue mussel,NA,NA,NA,NA,NA,NA,NA,N,Y,NA,N,VH,NA,NA,NA,NA,Hare et al. 2016 NEVA,0,1
Fish,,Clupeidae,Alosa pseudoharengus,Alewife,NA,NA,LC,H,G5,S3,13,Y,Y,Y,N,VH,NAT,Dams & water management/use,Unknown,NA,Hare et al. 2016 NEVA,5,2
Fish,,Clupeidae,Alosa aestivalis,Blueback Herring,NA,NA,VU,H,G3,S3,46,Y,Y,Y,N,VH,NAT;POL,"Dams & water management/use, domestic & urban waste water, industrial & military effluents, and agricultural & forestry effluents",Decreasing,NA,Hare et al. 2016 NEVA,5,2